{
	"name": "ytdpnl",
	"version": "1.2.0",
	"manifest_version": 2,
	"content_scripts": [
		{
			"matches": [
				"https://*.youtube.com/*",
				"https://*.youtu.be/*"
			],
			"js": [
				"content-script.js"
			]
		}
	],
	"permissions": [
		"tabs",
		"*://*.youtube.com/*",
		"*://*.youtu.be/*",
		"*://ytdpnl.fmdj.fr/*"
	],
	"browser_specific_settings": {
		"gecko": {
			"id": "{e2d736d1-6589-4407-9c3d-6ec3ec7afe77}",
			"update_url": "https://ytdpnl.fmdj.fr/update_manifest.json"
		}
	},
	"background": {
		"scripts": [
			"background.js"
		]
	}
}